{
  "episodes": 10,
  "avg_return": 323.2478114656532,
  "std_return": 513.3841657834831,
  "avg_length": 246.2,
  "std_length": 174.34609258598257,
  "end_reasons": {
    "terminated": 10
  },
  "wall_time_sec": 56.66701817512512,
  "action_mode": "continuous",
  "smooth_steering": false
}