{
  "return": -162.4255565536981,
  "mean_reward": -3.314807276606084,
  "length": 49,
  "end_reason": "terminated"
}