{
  "return": -908.9602618157473,
  "mean_reward": -9.18141678601765,
  "length": 99,
  "end_reason": "terminated"
}