{
  "return": -162.23933229447104,
  "mean_reward": -3.0044320795272417,
  "length": 54,
  "end_reason": "terminated"
}