{
  "return": -143.49943332958588,
  "mean_reward": -3.8783630629617805,
  "length": 37,
  "end_reason": "terminated"
}