{
  "return": -129.80743467580334,
  "mean_reward": -3.6057620743278704,
  "length": 36,
  "end_reason": "terminated"
}