{
  "return": -131.63640535770392,
  "mean_reward": -14.626267261967103,
  "length": 9,
  "end_reason": "terminated"
}