{
  "return": -156.5668055035537,
  "mean_reward": -3.195240928643953,
  "length": 49,
  "end_reason": "terminated"
}