{
  "return": -11.78593591044745,
  "mean_reward": -0.06584321737680139,
  "length": 179,
  "end_reason": "terminated",
  "action_counts": {}
}