{
  "return": 1301.0060112490169,
  "mean_reward": 0.6505030056245085,
  "length": 2000,
  "end_reason": "truncated",
  "action_counts": {}
}