{
  "return": 6497.06526547052,
  "mean_reward": 3.24853263273526,
  "length": 2000,
  "end_reason": "truncated",
  "action_counts": {}
}