{
  "return": 6038.840888791811,
  "mean_reward": 3.0194204443959056,
  "length": 2000,
  "end_reason": "truncated",
  "action_counts": {}
}