{
  "episodes": 10,
  "avg_return": 2047.3181880100292,
  "std_return": 950.353343591127,
  "avg_length": 1359.9,
  "std_length": 561.308551511555,
  "end_reasons": {
    "terminated": 8,
    "truncated": 2
  },
  "wall_time_sec": 249.3887391090393,
  "action_mode": "continuous",
  "smooth_steering": false
}