{
  "return": -247.41229928156537,
  "mean_reward": -0.5425708317578188,
  "length": 456,
  "end_reason": "terminated"
}