{
  "return": 1073.9129184199517,
  "mean_reward": 1.98505160521248,
  "length": 541,
  "end_reason": "terminated",
  "action_counts": {}
}