{
  "return": 14.023548473379591,
  "mean_reward": 0.07154871670091628,
  "length": 196,
  "end_reason": "terminated",
  "action_counts": {}
}