{
  "return": -390.6272180039965,
  "mean_reward": -1.943418995044759,
  "length": 201,
  "end_reason": "terminated",
  "action_counts": {}
}