{
  "return": 1252.6286201558328,
  "mean_reward": 1.2044505963036853,
  "length": 1040,
  "end_reason": "terminated",
  "action_counts": {}
}