{
  "return": 1395.5574840829725,
  "mean_reward": 1.7576290731523583,
  "length": 794,
  "end_reason": "terminated",
  "action_counts": {}
}