{
  "return": 1206.9661506507666,
  "mean_reward": 1.4100071853396807,
  "length": 856,
  "end_reason": "terminated",
  "action_counts": {}
}