{
  "return": 29.06701030417438,
  "mean_reward": 0.11443704844163143,
  "length": 254,
  "end_reason": "terminated",
  "action_counts": {}
}