{
  "return": 1306.486559641694,
  "mean_reward": 0.653243279820847,
  "length": 2000,
  "end_reason": "truncated",
  "action_counts": {}
}