{
  "return": 442.50878891207424,
  "mean_reward": 0.536374289590393,
  "length": 825,
  "end_reason": "terminated",
  "action_counts": {}
}