{
  "return": 1658.841359401547,
  "mean_reward": 0.8294206797007735,
  "length": 2000,
  "end_reason": "truncated",
  "action_counts": {}
}