{
  "return": 1791.1488973335956,
  "mean_reward": 2.0611609865749085,
  "length": 869,
  "end_reason": "terminated",
  "action_counts": {}
}