{
  "return": 914.1415966614856,
  "mean_reward": 1.6500750842265082,
  "length": 554,
  "end_reason": "terminated",
  "action_counts": {}
}