{
  "return": 712.0947354316639,
  "mean_reward": 0.6736941678634474,
  "length": 1057,
  "end_reason": "terminated"
}