{
  "return": 465.8504019596066,
  "mean_reward": 0.5808608503236989,
  "length": 802,
  "end_reason": "terminated"
}