{
  "return": 556.1460011046511,
  "mean_reward": 0.732735179321016,
  "length": 759,
  "end_reason": "terminated"
}