{
  "return": 845.9827138487647,
  "mean_reward": 0.734998013769561,
  "length": 1151,
  "end_reason": "terminated"
}