{
  "return": 238.9977663269846,
  "mean_reward": 0.6512200717356529,
  "length": 367,
  "end_reason": "terminated"
}