{
  "return": 126.05220326396034,
  "mean_reward": 0.5577531117874351,
  "length": 226,
  "end_reason": "terminated"
}