{
  "return": 423.37618907705047,
  "mean_reward": 0.5563419041748363,
  "length": 761,
  "end_reason": "terminated"
}