{
  "return": -148.8952709882131,
  "mean_reward": -3.383983431550298,
  "length": 44,
  "end_reason": "terminated"
}