{
  "return": -167.90911988833432,
  "mean_reward": -3.2923356840849864,
  "length": 51,
  "end_reason": "terminated"
}