{
  "return": -187.23312518659452,
  "mean_reward": -2.6370862702337257,
  "length": 71,
  "end_reason": "terminated"
}