{
  "return": -171.4457921833818,
  "mean_reward": -3.061532003274675,
  "length": 56,
  "end_reason": "terminated"
}