{
  "return": -165.4570353908917,
  "mean_reward": -3.1818660652094555,
  "length": 52,
  "end_reason": "terminated"
}