{
  "return": -138.9444742538113,
  "mean_reward": -6.616403535895777,
  "length": 21,
  "end_reason": "terminated"
}