{
  "return": -149.04059270572418,
  "mean_reward": -4.0281241271817345,
  "length": 37,
  "end_reason": "terminated"
}