{
  "return": -173.65639419998092,
  "mean_reward": -2.894273236666349,
  "length": 60,
  "end_reason": "terminated"
}