{
  "return": -181.70574825052273,
  "mean_reward": -2.753117397735193,
  "length": 66,
  "end_reason": "terminated"
}