{
  "return": 6518.521094532041,
  "mean_reward": 3.2592605472660208,
  "length": 2000,
  "end_reason": "truncated",
  "action_counts": {}
}