{
  "return": 6212.078855983609,
  "mean_reward": 3.1060394279918047,
  "length": 2000,
  "end_reason": "truncated",
  "action_counts": {}
}