{
  "return": 1438.4239474922242,
  "mean_reward": 2.237051240267845,
  "length": 643,
  "end_reason": "terminated",
  "action_counts": {}
}