{
  "return": 12.067564276891543,
  "mean_reward": 0.05007288081697736,
  "length": 241,
  "end_reason": "terminated",
  "action_counts": {}
}