{
  "return": 1739.825389066903,
  "mean_reward": 1.1282914325985103,
  "length": 1542,
  "end_reason": "terminated",
  "action_counts": {}
}