{
  "return": 112.23426301451784,
  "mean_reward": 0.6166717748050431,
  "length": 182,
  "end_reason": "terminated",
  "action_counts": {}
}