{
  "return": 1763.8420208755424,
  "mean_reward": 1.603492746250493,
  "length": 1100,
  "end_reason": "terminated",
  "action_counts": {}
}