{
  "return": -41.46045542659809,
  "mean_reward": -0.23162265601451446,
  "length": 179,
  "end_reason": "terminated",
  "action_counts": {}
}