{
  "return": 487.8785824396006,
  "mean_reward": 1.5943744524169956,
  "length": 306,
  "end_reason": "terminated",
  "action_counts": {}
}