{
  "return": -517.7290905076982,
  "mean_reward": -0.2588645452538491,
  "length": 2000,
  "end_reason": "truncated"
}