{
  "return": 63.5368031507257,
  "mean_reward": 0.18578012617171258,
  "length": 342,
  "end_reason": "terminated"
}