{
  "return": -2.98604014330094,
  "mean_reward": -0.08531543266574114,
  "length": 35,
  "end_reason": "terminated"
}