{
  "return": 39.26379307941307,
  "mean_reward": 0.5033819625565779,
  "length": 78,
  "end_reason": "terminated"
}