{
  "return": 69.10308743733573,
  "mean_reward": 0.034551543718667865,
  "length": 2000,
  "end_reason": "truncated"
}