{
  "return": 4.976085095918249,
  "mean_reward": 0.01141303921082167,
  "length": 436,
  "end_reason": "terminated"
}