{
  "return": 6822.881579640827,
  "mean_reward": 3.4114407898204138,
  "length": 2000,
  "end_reason": "truncated",
  "action_counts": {}
}