{
  "return": 1066.1000662153779,
  "mean_reward": 0.5467179826745527,
  "length": 1950,
  "end_reason": "terminated"
}