{
  "return": 1980.5644572415406,
  "mean_reward": 1.4947656281068231,
  "length": 1325,
  "end_reason": "terminated",
  "action_counts": {}
}