{
  "return": -160.04030505169246,
  "mean_reward": -2.2227820146068398,
  "length": 72,
  "end_reason": "terminated"
}