{
  "return": -161.16288069893818,
  "mean_reward": -2.4418618287717906,
  "length": 66,
  "end_reason": "terminated"
}