{
  "return": -151.7170670744842,
  "mean_reward": -2.709233340615789,
  "length": 56,
  "end_reason": "terminated"
}