{
  "return": -178.1395174243522,
  "mean_reward": -3.2389003168064034,
  "length": 55,
  "end_reason": "terminated"
}