{
  "return": -126.8640819366801,
  "mean_reward": -14.096009104075566,
  "length": 9,
  "end_reason": "terminated"
}