{
  "return": -187.84175251189674,
  "mean_reward": -2.6456584860830525,
  "length": 71,
  "end_reason": "terminated"
}