{
  "return": -147.37117163111407,
  "mean_reward": -3.7787479905413863,
  "length": 39,
  "end_reason": "terminated"
}