{
  "return": -174.75907707460965,
  "mean_reward": -2.9620182555018584,
  "length": 59,
  "end_reason": "terminated"
}