{
  "return": -159.71320955939584,
  "mean_reward": -3.71426068742781,
  "length": 43,
  "end_reason": "terminated"
}