{
  "model_path": "C:\\carla\\Carla-Integration-Modules\\experiments\\rl\\sac\\2026-05-05_20-29-06\\models\\best_model.pt",
  "episodes": 10,
  "avg_return": -216.98966091669905,
  "std_return": 169.2154322890871,
  "min_return": -722.2875462038269,
  "max_return": -126.8640819366801,
  "avg_length": 54.4,
  "std_length": 18.858419870180004,
  "end_reasons": {
    "terminated": 10
  },
  "wall_time_sec": 22.638742923736572,
  "carla_vehicles": 30,
  "carla_walkers": 0,
  "video_recorded": false
}