{
  "return": 1228.1040836149755,
  "mean_reward": 1.7370637674893572,
  "length": 707,
  "end_reason": "terminated",
  "action_counts": {}
}