{
  "return": 1240.9109170646464,
  "mean_reward": 0.9664415241936498,
  "length": 1284,
  "end_reason": "terminated",
  "action_counts": {}
}