{
  "return": 194.94528397715715,
  "mean_reward": 0.35062101434740495,
  "length": 556,
  "end_reason": "terminated",
  "action_counts": {}
}