{
  "return": 988.7967219519162,
  "mean_reward": 1.3416509117393707,
  "length": 737,
  "end_reason": "terminated",
  "action_counts": {}
}