{
  "return": 178.33763956992289,
  "mean_reward": 0.4768386084757296,
  "length": 374,
  "end_reason": "terminated"
}