{
  "return": 1108.0698655634035,
  "mean_reward": 0.6529580822412513,
  "length": 1697,
  "end_reason": "terminated"
}