{
  "return": 1018.8181302813351,
  "mean_reward": 0.6819398462391801,
  "length": 1494,
  "end_reason": "terminated"
}