{
  "return": 330.74274803332275,
  "mean_reward": 0.6287884943599292,
  "length": 526,
  "end_reason": "terminated"
}