{
  "return": 833.5300265300157,
  "mean_reward": 0.565105102732214,
  "length": 1475,
  "end_reason": "terminated"
}