{
  "return": 843.1446259441022,
  "mean_reward": 0.6755966554039281,
  "length": 1248,
  "end_reason": "terminated"
}