{
  "return": -460.5123082492802,
  "mean_reward": -0.8656246395663161,
  "length": 532,
  "end_reason": "terminated",
  "action_counts": {}
}