{
  "return": -1145.694869619641,
  "mean_reward": -0.5728474348098205,
  "length": 2000,
  "end_reason": "truncated",
  "action_counts": {}
}