{
  "return": -56.10292977165722,
  "mean_reward": -0.28051464885828614,
  "length": 200,
  "end_reason": "terminated",
  "action_counts": {}
}