{
  "return": -171.38392273222877,
  "mean_reward": -2.4483417533175538,
  "length": 70,
  "end_reason": "terminated"
}