{
  "return": -122.55471723890165,
  "mean_reward": -4.713642970726986,
  "length": 26,
  "end_reason": "terminated"
}