{
  "return": -168.8303533609356,
  "mean_reward": -2.5198560203124716,
  "length": 67,
  "end_reason": "terminated"
}