{
  "return": -148.92192591930188,
  "mean_reward": -4.024916916737888,
  "length": 37,
  "end_reason": "terminated"
}