{
  "return": -161.87166924786212,
  "mean_reward": -3.112916716305041,
  "length": 52,
  "end_reason": "terminated"
}