{
  "return": -173.17884871230606,
  "mean_reward": -3.0924794412911796,
  "length": 56,
  "end_reason": "terminated"
}