{
  "return": -124.46353379919677,
  "mean_reward": -2.828716677254472,
  "length": 44,
  "end_reason": "terminated"
}