{
  "return": -181.34069105151303,
  "mean_reward": -3.1265636388191904,
  "length": 58,
  "end_reason": "terminated"
}