{
  "return": -193.03451842463537,
  "mean_reward": -2.6443084715703473,
  "length": 73,
  "end_reason": "terminated"
}