{
  "return": -137.1815940865141,
  "mean_reward": -4.15701800262164,
  "length": 33,
  "end_reason": "terminated"
}