{
  "return": 2461.2018871047603,
  "mean_reward": 2.029020516986612,
  "length": 1213,
  "end_reason": "terminated",
  "action_counts": {}
}