{
  "return": 283.3941048461602,
  "mean_reward": 0.9978665663597189,
  "length": 284,
  "end_reason": "terminated",
  "action_counts": {}
}