{
  "return": 949.2043327075023,
  "mean_reward": 1.3502195344345695,
  "length": 703,
  "end_reason": "terminated",
  "action_counts": {}
}