{
  "return": 1684.8123711522062,
  "mean_reward": 1.4122484251066272,
  "length": 1193,
  "end_reason": "terminated",
  "action_counts": {}
}