{
  "return": 1228.6953320999964,
  "mean_reward": 1.9690630322115328,
  "length": 624,
  "end_reason": "terminated",
  "action_counts": {}
}