{
  "return": 337.20489598280756,
  "mean_reward": 1.0065817790531568,
  "length": 335,
  "end_reason": "terminated",
  "action_counts": {}
}